{"idDocument":"9001010101","documentType":"APOLICX1","metadata":[{"key":"LotDocumentsSize","value":"1"},{"key":"LotDocumentNumber","value":"1"},{"key":"LotId","value":"000000B0XB"},{"key":"I2SiModuleId","value":"GISAEO"}],"expeditions":null,"content":"{ \"id\": \"APOL3001\", \"concept\": [ { \"id\": \"RBTCAP\", \"value\": \"\" }, { \"id\": \"RBPTAX\", \"value\": \"\" }, { \"id\": \"RBTTAX\", \"value\": \"\" }, { \"id\": \"TITMOR\", \"value\": \"S.GENS                       2952     4.DTO.\" }, { \"id\": \"TITMO2\", \"value\": \"SENHORA DA HORA\" }, { \"id\": \"TITLOC\", \"value\": \"4460-812 SENHORA DA HORA\" }, { \"id\": \"TITMO4\", \"value\": \"PORTUGAL\" }, { \"id\": \"A0SUBA\", \"value\": \"N\" }, { \"id\": \"A0IN09\", \"value\": \"\" }, { \"id\": \"RAMO\", \"value\": \"30\" }, { \"id\": \"NUMAPO\", \"value\": \"020373\" }, { \"id\": \"NIFTIT\", \"value\": \"225700336\" }, { \"id\": \"NUMPRO\", \"value\": \"00000000\" }, { \"id\": \"CODTIT\", \"value\": \"061444\" }, { \"id\": \"DESRAM\", \"value\": \"MULTIRISCOS HABITACAO\" }, { \"id\": \"TIPSEG\", \"value\": \"02\" }, { \"id\": \"ANOEFE\", \"value\": \"0000\" }, { \"id\": \"MESEFE\", \"value\": \"00\" }, { \"id\": \"DIAEFE\", \"value\": \"00\" }, { \"id\": \"NOMTIT\", \"value\": \"RUI ALEXANDRE MEIRELES PEREIRA\" }, { \"id\": \"TELEM\", \"value\": \"\" }, { \"id\": \"EMAIL\", \"value\": \"\" }, { \"id\": \"NIB\", \"value\": \"0018-0003-1692535602031\" }, { \"id\": \"LOCMO1\", \"value\": \"Sao Gens                     2952     4 dto\" }, { \"id\": \"LOCMO2\", \"value\": \"SENHORA DA HORA\" }, { \"id\": \"LOCMO3\", \"value\": \"4460-812 SENHORA DA HORA\" }, { \"id\": \"LOCMO4\", \"value\": \"PORTUGAL\" }, { \"id\": \"NUMTIT\", \"value\": \"\" }, { \"id\": \"IBAN\", \"value\": \"PT50001800031692535602031\" }, { \"id\": \"FRAC\", \"value\": \"MENSAL\" }, { \"id\": \"XXPRST\", \"value\": \"00000028115\" }, { \"id\": \"PRMREC\", \"value\": \"28,08€\" }, { \"id\": \"A0_FRA\", \"value\": \"M\" }, { \"id\": \"TOTAPL\", \"value\": \"336,92 €\" }, { \"id\": \"A0AOFI\", \"value\": \"000\" }, { \"id\": \"A0AINI\", \"value\": \"2017\" }, { \"id\": \"A0MINI\", \"value\": \"11\" }, { \"id\": \"A0DINI\", \"value\": \"10\" }, { \"id\": \"MODEXP\", \"value\": \"0200\" }, { \"id\": \"PRMCOM\", \"value\": \"309,63 €\" }, { \"id\": \"DATHOJ\", \"value\": \"20180711\" }, { \"id\": \"A0MVEN\", \"value\": \"11\" }, { \"id\": \"A0DVEN\", \"value\": \"10\" }, { \"id\": \"IMPOST\", \"value\": \"27,33 €\" }, { \"id\": \"RECSUC\", \"value\": \"28,08 €\" }, { \"id\": \"BALC\", \"value\": \"3810 - SENHORA DA HORA-AVENIDA\" }, { \"id\": \"XXPRMT\", \"value\": \"336,96 €\" }, { \"id\": \"IMPOST\", \"concept\": [ { \"id\": \"1\", \"concept\": [ { \"id\": \"IMPST\", \"value\": \"JURF\" }, { \"id\": \"DSCIMP\", \"value\": \"JUROS FRACCIONAMENTO\" }, { \"id\": \"VALIMP\", \"value\": \"00000000022\" } ] }, { \"id\": \"2\", \"concept\": [ { \"id\": \"IMPST\", \"value\": \"SELO\" }, { \"id\": \"DSCIMP\", \"value\": \"SELO\" }, { \"id\": \"VALIMP\", \"value\": \"00000000027\" } ] } ] }, { \"id\": \"RCCEXT\", \"concept\": [ { \"id\": \"1\", \"concept\": [ { \"id\": \"XXMES\", \"value\": \"12\" }, { \"id\": \"XXVAL1\", \"value\": \"28,08 €\" } ] }, { \"id\": \"2\", \"concept\": [ { \"id\": \"XXMES\", \"value\": \"01\" }, { \"id\": \"XXVAL1\", \"value\": \"28,08 €\" } ] }, { \"id\": \"3\", \"concept\": [ { \"id\": \"XXMES\", \"value\": \"02\" }, { \"id\": \"XXVAL1\", \"value\": \"28,08 €\" } ] } ] }, { \"id\": \"RISCOS\", \"concept\": [ { \"id\": \"1\", \"concept\": [ { \"id\": \"CODRIS\", \"value\": \"101\" }, { \"id\": \"DESRIS\", \"value\": \"EDF-INCENDIO,EXPLOSAO,QUEDA RAIO,FUMO\" }, { \"id\": \"VALFRQ\", \"value\": \"0 €\" }, { \"id\": \"INDFRQ\", \"value\": \"0 %\" }, { \"id\": \"DIAFRQ\", \"value\": \"000\" }, { \"id\": \"CAPTAL\", \"value\": \"117.755,82 €\" }, { \"id\": \"ZFMIN\", \"value\": \"000000000\" }, { \"id\": \"CAPFRQ\", \"value\": \"0 %\" } ] }, { \"id\": \"2\", \"concept\": [ { \"id\": \"CODRIS\", \"value\": \"102\" }, { \"id\": \"DESRIS\", \"value\": \"EDF-GASTOS DE SALVAMENTO E DEMOLICAO\" }, { \"id\": \"VALFRQ\", \"value\": \"0 €\" }, { \"id\": \"INDFRQ\", \"value\": \"0 %\" }, { \"id\": \"DIAFRQ\", \"value\": \"000\" }, { \"id\": \"CAPTAL\", \"value\": \"117.755,82 €\" }, { \"id\": \"ZFMIN\", \"value\": \"000000000\" }, { \"id\": \"CAPFRQ\", \"value\": \"0 %\" } ] }, { \"id\": \"3\", \"concept\": [ { \"id\": \"CODRIS\", \"value\": \"103\" }, { \"id\": \"DESRIS\", \"value\": \"EDF-FENOMENOS DA NATUREZA\" }, { \"id\": \"VALFRQ\", \"value\": \"0 €\" }, { \"id\": \"INDFRQ\", \"value\": \"0 %\" }, { \"id\": \"DIAFRQ\", \"value\": \"000\" }, { \"id\": \"CAPTAL\", \"value\": \"117.755,82 €\" }, { \"id\": \"ZFMIN\", \"value\": \"000000000\" }, { \"id\": \"CAPFRQ\", \"value\": \"0 %\" } ] }, { \"id\": \"4\", \"concept\": [ { \"id\": \"CODRIS\", \"value\": \"104\" }, { \"id\": \"DESRIS\", \"value\": \"EDF-ACTOS DE VANDALISMO\" }, { \"id\": \"VALFRQ\", \"value\": \"0 €\" }, { \"id\": \"INDFRQ\", \"value\": \"0 %\" }, { \"id\": \"DIAFRQ\", \"value\": \"000\" }, { \"id\": \"CAPTAL\", \"value\": \"117.755,82 €\" }, { \"id\": \"ZFMIN\", \"value\": \"000000000\" }, { \"id\": \"CAPFRQ\", \"value\": \"0 %\" } ] }, { \"id\": \"5\", \"concept\": [ { \"id\": \"CODRIS\", \"value\": \"105\" }, { \"id\": \"DESRIS\", \"value\": \"EDF-OUTROS DANOS MATERIAIS\" }, { \"id\": \"VALFRQ\", \"value\": \"0 €\" }, { \"id\": \"INDFRQ\", \"value\": \"0 %\" }, { \"id\": \"DIAFRQ\", \"value\": \"000\" }, { \"id\": \"CAPTAL\", \"value\": \"117.755,82 €\" }, { \"id\": \"ZFMIN\", \"value\": \"000000000\" }, { \"id\": \"CAPFRQ\", \"value\": \"0 %\" } ] } ] }, { \"id\": \"PARCEL\", \"concept\": { \"id\": \"1\", \"concept\": [ { \"id\": \"TIPOPA\", \"value\": \"Z\" }, { \"id\": \"VALOPA\", \"value\": \"0000000033696\" }, { \"id\": \"NPARC\", \"value\": \"08\" } ] } }, { \"id\": \"INF8\", \"concept\": { \"id\": \"1\", \"concept\": [ { \"id\": \"DESC8\", \"value\": \"Bem seguro\" }, { \"id\": \"VAL8\", \"value\": \"Edf/Rch s/ vec gar\" }, { \"id\": \"_INF8\", \"value\": \"02\" }, { \"id\": \"VALOR8\", \"value\": \"ER\" } ] } } ] }","username":"I2SABC"}