{"idDocument":"9001010101","documentType":"APOLICX1","metadata":[{"key":"LotDocumentsSize","value":"1"},{"key":"LotDocumentNumber","value":"1"},{"key":"LotId","value":"000000B0XB"},{"key":"I2SiModuleId","value":"GISAEO"}],"expeditions":null,"content":"<concepts id=\"APOL3001\"><concept id=\"RBTCAP\" value=\"\"/><concept id=\"RBPTAX\" value=\"\"/><concept id=\"RBTTAX\" value=\"\"/><concept id=\"TITMOR\" value=\"S.GENS                       2952     4.DTO.\"/><concept id=\"TITMO2\" value=\"SENHORA DA HORA\"/><concept id=\"TITLOC\" value=\"4460-812 SENHORA DA HORA\"/><concept id=\"TITMO4\" value=\"PORTUGAL\"/><concept id=\"A0SUBA\" value=\"N\"/><concept id=\"A0IN09\" value=\"\"/><concept id=\"RAMO\" value=\"30\"/><concept id=\"NUMAPO\" value=\"020373\"/><concept id=\"NIFTIT\" value=\"225700336\"/><concept id=\"NUMPRO\" value=\"00000000\"/><concept id=\"CODTIT\" value=\"061444\"/><concept id=\"DESRAM\" value=\"MULTIRISCOS HABITA??O\"/><concept id=\"TIPSEG\" value=\"02\"/><concept id=\"ANOEFE\" value=\"0000\"/><concept id=\"MESEFE\" value=\"00\"/><concept id=\"DIAEFE\" value=\"00\"/><concept id=\"NOMTIT\" value=\"RUI ALEXANDRE MEIRELES PEREIRA\"/><concept id=\"TELEM\" value=\"\"/><concept id=\"EMAIL\" value=\"\"/><concept id=\"NIB\" value=\"0018-0003-1692535602031\"/><concept id=\"LOCMO1\" value=\"S?o Gens                     2952     4 dto\"/><concept id=\"LOCMO2\" value=\"SENHORA DA HORA\"/><concept id=\"LOCMO3\" value=\"4460-812 SENHORA DA HORA\"/><concept id=\"LOCMO4\" value=\"PORTUGAL\"/><concept id=\"NUMTIT\" value=\"\"/><concept id=\"IBAN\" value=\"PT50001800031692535602031\"/><concept id=\"FRAC\" value=\"MENSAL\"/><concept id=\"XXPRST\" value=\"00000028115\"/><concept id=\"PRMREC\" value=\"    28,08?\"/><concept id=\"A0_FRA\" value=\"M\"/><concept id=\"TOTAPL\" value=\"        336,92 ?\"/><concept id=\"A0AOFI\" value=\"000\"/><concept id=\"A0AINI\" value=\"2017\"/><concept id=\"A0MINI\" value=\"11\"/><concept id=\"A0DINI\" value=\"10\"/><concept id=\"MODEXP\" value=\"0200\"/><concept id=\"PRMCOM\" value=\"        309,63 ?\"/><concept id=\"DATHOJ\" value=\"20180711\"/><concept id=\"A0MVEN\" value=\"11\"/><concept id=\"A0DVEN\" value=\"10\"/><concept id=\"IMPOST\" value=\"         27,33 ?\"/><concept id=\"RECSUC\" value=\"         28,08 ?\"/><concept id=\"BALC\" value=\"3810 - SENHORA DA HORA-AVENIDA\"/><concept id=\"XXPRMT\" value=\"        336,96 ?\"/><concept id=\"IMPOST\"><concept id=\"1\"><concept id=\"IMPST\" value=\"JURF\"/><concept id=\"DSCIMP\" value=\"JUROS FRACCIONAMENTO\"/><concept id=\"VALIMP\" value=\"00000000022\"/></concept><concept id=\"2\"><concept id=\"IMPST\" value=\"SELO\"/><concept id=\"DSCIMP\" value=\"SELO\"/><concept id=\"VALIMP\" value=\"00000000027\"/></concept></concept><concept id=\"RCCEXT\"><concept id=\"1\"><concept id=\"XXMES\" value=\"12\"/><concept id=\"XXVAL1\" value=\"         28,08 ?\"/></concept><concept id=\"2\"><concept id=\"XXMES\" value=\"01\"/><concept id=\"XXVAL1\" value=\"         28,08 ?\"/></concept><concept id=\"3\"><concept id=\"XXMES\" value=\"02\"/><concept id=\"XXVAL1\" value=\"         28,08 ?\"/></concept><concept id=\"4\"><concept id=\"XXMES\" value=\"03\"/><concept id=\"XXVAL1\" value=\"         28,08 ?\"/></concept><concept id=\"5\"><concept id=\"XXMES\" value=\"04\"/><concept id=\"XXVAL1\" value=\"         28,08 ?\"/></concept><concept id=\"6\"><concept id=\"XXMES\" value=\"05\"/><concept id=\"XXVAL1\" value=\"         28,08 ?\"/></concept><concept id=\"7\"><concept id=\"XXMES\" value=\"06\"/><concept id=\"XXVAL1\" value=\"         28,08 ?\"/></concept><concept id=\"8\"><concept id=\"XXMES\" value=\"07\"/><concept id=\"XXVAL1\" value=\"         28,08 ?\"/></concept><concept id=\"9\"><concept id=\"XXMES\" value=\"08\"/><concept id=\"XXVAL1\" value=\"         28,08 ?\"/></concept><concept id=\"10\"><concept id=\"XXMES\" value=\"09\"/><concept id=\"XXVAL1\" value=\"         28,08 ?\"/></concept><concept id=\"11\"><concept id=\"XXMES\" value=\"10\"/><concept id=\"XXVAL1\" value=\"         28,08 ?\"/></concept></concept><concept id=\"RISCOS\"><concept id=\"1\"><concept id=\"CODRIS\" value=\"101\"/><concept id=\"DESRIS\" value=\"EDF-INC?NDIO,EXPLOS?O,QUEDA RAIO,FUMO\"/><concept id=\"VALFRQ\" value=\"           0 ?\"/><concept id=\"INDFRQ\" value=\"     0 %\"/><concept id=\"DIAFRQ\" value=\"000\"/><concept id=\"CAPTAL\" value=\"    117.755,82 ?\"/><concept id=\"ZFMIN\" value=\"000000000\"/><concept id=\"CAPFRQ\" value=\"     0 %\"/></concept><concept id=\"2\"><concept id=\"CODRIS\" value=\"102\"/><concept id=\"DESRIS\" value=\"EDF-GASTOS DE SALVAMENTO E DEMOLI??O\"/><concept id=\"VALFRQ\" value=\"           0 ?\"/><concept id=\"INDFRQ\" value=\"     0 %\"/><concept id=\"DIAFRQ\" value=\"000\"/><concept id=\"CAPTAL\" value=\"    117.755,82 ?\"/><concept id=\"ZFMIN\" value=\"000000000\"/><concept id=\"CAPFRQ\" value=\"     0 %\"/></concept><concept id=\"3\"><concept id=\"CODRIS\" value=\"103\"/><concept id=\"DESRIS\" value=\"EDF-FEN?MENOS DA NATUREZA\"/><concept id=\"VALFRQ\" value=\"           0 ?\"/><concept id=\"INDFRQ\" value=\"     0 %\"/><concept id=\"DIAFRQ\" value=\"000\"/><concept id=\"CAPTAL\" value=\"    117.755,82 ?\"/><concept id=\"ZFMIN\" value=\"000000000\"/><concept id=\"CAPFRQ\" value=\"     0 %\"/></concept><concept id=\"4\"><concept id=\"CODRIS\" value=\"104\"/><concept id=\"DESRIS\" value=\"EDF-ACTOS DE VANDALISMO\"/><concept id=\"VALFRQ\" value=\"           0 ?\"/><concept id=\"INDFRQ\" value=\"     0 %\"/><concept id=\"DIAFRQ\" value=\"000\"/><concept id=\"CAPTAL\" value=\"    117.755,82 ?\"/><concept id=\"ZFMIN\" value=\"000000000\"/><concept id=\"CAPFRQ\" value=\"     0 %\"/></concept><concept id=\"5\"><concept id=\"CODRIS\" value=\"105\"/><concept id=\"DESRIS\" value=\"EDF-OUTROS DANOS MATERIAIS\"/><concept id=\"VALFRQ\" value=\"           0 ?\"/><concept id=\"INDFRQ\" value=\"     0 %\"/><concept id=\"DIAFRQ\" value=\"000\"/><concept id=\"CAPTAL\" value=\"    117.755,82 ?\"/><concept id=\"ZFMIN\" value=\"000000000\"/><concept id=\"CAPFRQ\" value=\"     0 %\"/></concept><concept id=\"6\"><concept id=\"CODRIS\" value=\"108\"/><concept id=\"DESRIS\" value=\"EDF-QUEBRA CRISTAIS E OUTROS ELEMENTOS\"/><concept id=\"VALFRQ\" value=\"           0 ?\"/><concept id=\"INDFRQ\" value=\"     0 %\"/><concept id=\"DIAFRQ\" value=\"000\"/><concept id=\"CAPTAL\" value=\"     10.000,00 ?\"/><concept id=\"ZFMIN\" value=\"000000000\"/><concept id=\"CAPFRQ\" value=\"     0 %\"/></concept><concept id=\"7\"><concept id=\"CODRIS\" value=\"109\"/><concept id=\"DESRIS\" value=\"EDF-RESTAURA??O EST?TICA ELEM.EDIFICIO\"/><concept id=\"VALFRQ\" value=\"           0 ?\"/><concept id=\"INDFRQ\" value=\"     0 %\"/><concept id=\"DIAFRQ\" value=\"000\"/><concept id=\"CAPTAL\" value=\"     10.000,00 ?\"/><concept id=\"ZFMIN\" value=\"000000000\"/><concept id=\"CAPFRQ\" value=\"     0 %\"/></concept><concept id=\"8\"><concept id=\"CODRIS\" value=\"110\"/><concept id=\"DESRIS\" value=\"EDF-FEN?MENOS S?SMICOS\"/><concept id=\"VALFRQ\" value=\"    5.887,79 ?\"/><concept id=\"INDFRQ\" value=\"     0 %\"/><concept id=\"DIAFRQ\" value=\"000\"/><concept id=\"CAPTAL\" value=\"    117.755,82 ?\"/><concept id=\"ZFMIN\" value=\"000000000\"/><concept id=\"CAPFRQ\" value=\" 5,000 %\"/></concept><concept id=\"9\"><concept id=\"CODRIS\" value=\"111\"/><concept id=\"DESRIS\" value=\"EDF-DANOS POR AGUA\"/><concept id=\"VALFRQ\" value=\"           0 ?\"/><concept id=\"INDFRQ\" value=\"     0 %\"/><concept id=\"DIAFRQ\" value=\"000\"/><concept id=\"CAPTAL\" value=\"    117.755,82 ?\"/><concept id=\"ZFMIN\" value=\"000000000\"/><concept id=\"CAPFRQ\" value=\"     0 %\"/></concept><concept id=\"10\"><concept id=\"CODRIS\" value=\"112\"/><concept id=\"DESRIS\" value=\"EDF-RISCOS ELETRICOS\"/><concept id=\"VALFRQ\" value=\"           0 ?\"/><concept id=\"INDFRQ\" value=\"     0 %\"/><concept id=\"DIAFRQ\" value=\"000\"/><concept id=\"CAPTAL\" value=\"     10.000,00 ?\"/><concept id=\"ZFMIN\" value=\"000000000\"/><concept id=\"CAPFRQ\" value=\"     0 %\"/></concept><concept id=\"11\"><concept id=\"CODRIS\" value=\"115\"/><concept id=\"DESRIS\" value=\"EDF-FURTO OU ROUBO\"/><concept id=\"VALFRQ\" value=\"           0 ?\"/><concept id=\"INDFRQ\" value=\"     0 %\"/><concept id=\"DIAFRQ\" value=\"000\"/><concept id=\"CAPTAL\" value=\"    117.755,82 ?\"/><concept id=\"ZFMIN\" value=\"000000000\"/><concept id=\"CAPFRQ\" value=\"     0 %\"/></concept><concept id=\"12\"><concept id=\"CODRIS\" value=\"120\"/><concept id=\"DESRIS\" value=\"EDF-PRIVA??O USO\"/><concept id=\"VALFRQ\" value=\"           0 ?\"/><concept id=\"INDFRQ\" value=\"     0 %\"/><concept id=\"DIAFRQ\" value=\"000\"/><concept id=\"CAPTAL\" value=\"     10.000,00 ?\"/><concept id=\"ZFMIN\" value=\"000000000\"/><concept id=\"CAPFRQ\" value=\"     0 %\"/></concept><concept id=\"13\"><concept id=\"CODRIS\" value=\"125\"/><concept id=\"DESRIS\" value=\"EDF-RESPONSABILIDADE CIVIL PROPRIETARIO\"/><concept id=\"VALFRQ\" value=\"           0 ?\"/><concept id=\"INDFRQ\" value=\"     0 %\"/><concept id=\"DIAFRQ\" value=\"000\"/><concept id=\"CAPTAL\" value=\"     20.000,00 ?\"/><concept id=\"ZFMIN\" value=\"000000000\"/><concept id=\"CAPFRQ\" value=\"     0 %\"/></concept><concept id=\"14\"><concept id=\"CODRIS\" value=\"201\"/><concept id=\"DESRIS\" value=\"RCH-INC?NDIO,EXPLOS?O,QUEDA RAIO,FUMO\"/><concept id=\"VALFRQ\" value=\"           0 ?\"/><concept id=\"INDFRQ\" value=\"     0 %\"/><concept id=\"DIAFRQ\" value=\"000\"/><concept id=\"CAPTAL\" value=\"     35.000,00 ?\"/><concept id=\"ZFMIN\" value=\"000000000\"/><concept id=\"CAPFRQ\" value=\"     0 %\"/></concept><concept id=\"15\"><concept id=\"CODRIS\" value=\"202\"/><concept id=\"DESRIS\" value=\"RCH-GASTOS DE SALVAMENTO E DEMOLI??O\"/><concept id=\"VALFRQ\" value=\"           0 ?\"/><concept id=\"INDFRQ\" value=\"     0 %\"/><concept id=\"DIAFRQ\" value=\"000\"/><concept id=\"CAPTAL\" value=\"     35.000,00 ?\"/><concept id=\"ZFMIN\" value=\"000000000\"/><concept id=\"CAPFRQ\" value=\"     0 %\"/></concept><concept id=\"16\"><concept id=\"CODRIS\" value=\"203\"/><concept id=\"DESRIS\" value=\"RCH-FEN?MENOS DA NATUREZA\"/><concept id=\"VALFRQ\" value=\"           0 ?\"/><concept id=\"INDFRQ\" value=\"     0 %\"/><concept id=\"DIAFRQ\" value=\"000\"/><concept id=\"CAPTAL\" value=\"     35.000,00 ?\"/><concept id=\"ZFMIN\" value=\"000000000\"/><concept id=\"CAPFRQ\" value=\"     0 %\"/></concept><concept id=\"17\"><concept id=\"CODRIS\" value=\"204\"/><concept id=\"DESRIS\" value=\"RCH-ACTOS DE VANDALISMO\"/><concept id=\"VALFRQ\" value=\"           0 ?\"/><concept id=\"INDFRQ\" value=\"     0 %\"/><concept id=\"DIAFRQ\" value=\"000\"/><concept id=\"CAPTAL\" value=\"     35.000,00 ?\"/><concept id=\"ZFMIN\" value=\"000000000\"/><concept id=\"CAPFRQ\" value=\"     0 %\"/></concept><concept id=\"18\"><concept id=\"CODRIS\" value=\"205\"/><concept id=\"DESRIS\" value=\"RCH-OUTROS DANOS MATERIAIS\"/><concept id=\"VALFRQ\" value=\"           0 ?\"/><concept id=\"INDFRQ\" value=\"     0 %\"/><concept id=\"DIAFRQ\" value=\"000\"/><concept id=\"CAPTAL\" value=\"     35.000,00 ?\"/><concept id=\"ZFMIN\" value=\"000000000\"/><concept id=\"CAPFRQ\" value=\"     0 %\"/></concept><concept id=\"19\"><concept id=\"CODRIS\" value=\"208\"/><concept id=\"DESRIS\" value=\"RCH-QUEBRA CRISTAIS E OUTROS ELEMENTOS\"/><concept id=\"VALFRQ\" value=\"           0 ?\"/><concept id=\"INDFRQ\" value=\"     0 %\"/><concept id=\"DIAFRQ\" value=\"000\"/><concept id=\"CAPTAL\" value=\"     10.000,00 ?\"/><concept id=\"ZFMIN\" value=\"000000000\"/><concept id=\"CAPFRQ\" value=\"     0 %\"/></concept><concept id=\"20\"><concept id=\"CODRIS\" value=\"210\"/><concept id=\"DESRIS\" value=\"RCH-FEN?MENOS S?SMICOS\"/><concept id=\"VALFRQ\" value=\"    1.750,00 ?\"/><concept id=\"INDFRQ\" value=\"     0 %\"/><concept id=\"DIAFRQ\" value=\"000\"/><concept id=\"CAPTAL\" value=\"     35.000,00 ?\"/><concept id=\"ZFMIN\" value=\"000000000\"/><concept id=\"CAPFRQ\" value=\" 5,000 %\"/></concept><concept id=\"21\"><concept id=\"CODRIS\" value=\"211\"/><concept id=\"DESRIS\" value=\"RCH-DANOS POR AGUA\"/><concept id=\"VALFRQ\" value=\"           0 ?\"/><concept id=\"INDFRQ\" value=\"     0 %\"/><concept id=\"DIAFRQ\" value=\"000\"/><concept id=\"CAPTAL\" value=\"     35.000,00 ?\"/><concept id=\"ZFMIN\" value=\"000000000\"/><concept id=\"CAPFRQ\" value=\"     0 %\"/></concept><concept id=\"22\"><concept id=\"CODRIS\" value=\"212\"/><concept id=\"DESRIS\" value=\"RCH-RISCOS ELETRICOS\"/><concept id=\"VALFRQ\" value=\"           0 ?\"/><concept id=\"INDFRQ\" value=\"     0 %\"/><concept id=\"DIAFRQ\" value=\"000\"/><concept id=\"CAPTAL\" value=\"     10.000,00 ?\"/><concept id=\"ZFMIN\" value=\"000000000\"/><concept id=\"CAPFRQ\" value=\"     0 %\"/></concept><concept id=\"23\"><concept id=\"CODRIS\" value=\"213\"/><concept id=\"DESRIS\" value=\"RCH-DETERIORA??O BENS REFRIGERADOS\"/><concept id=\"VALFRQ\" value=\"           0 ?\"/><concept id=\"INDFRQ\" value=\"     0 %\"/><concept id=\"DIAFRQ\" value=\"000\"/><concept id=\"CAPTAL\" value=\"     50.000,00 ?\"/><concept id=\"ZFMIN\" value=\"000000000\"/><concept id=\"CAPFRQ\" value=\"     0 %\"/></concept><concept id=\"24\"><concept id=\"CODRIS\" value=\"214\"/><concept id=\"DESRIS\" value=\"RCH-AVARIA EQUIPAMENTOS\"/><concept id=\"VALFRQ\" value=\"           0 ?\"/><concept id=\"INDFRQ\" value=\"     0 %\"/><concept id=\"DIAFRQ\" value=\"000\"/><concept id=\"CAPTAL\" value=\"     50.000,00 ?\"/><concept id=\"ZFMIN\" value=\"000000000\"/><concept id=\"CAPFRQ\" value=\"     0 %\"/></concept><concept id=\"25\"><concept id=\"CODRIS\" value=\"215\"/><concept id=\"DESRIS\" value=\"RCH-FURTO OU ROUBO\"/><concept id=\"VALFRQ\" value=\"           0 ?\"/><concept id=\"INDFRQ\" value=\"     0 %\"/><concept id=\"DIAFRQ\" value=\"000\"/><concept id=\"CAPTAL\" value=\"     35.000,00 ?\"/><concept id=\"ZFMIN\" value=\"000000000\"/><concept id=\"CAPFRQ\" value=\"     0 %\"/></concept><concept id=\"26\"><concept id=\"CODRIS\" value=\"220\"/><concept id=\"DESRIS\" value=\"RCH-PRIVA??O USO\"/><concept id=\"VALFRQ\" value=\"           0 ?\"/><concept id=\"INDFRQ\" value=\"     0 %\"/><concept id=\"DIAFRQ\" value=\"000\"/><concept id=\"CAPTAL\" value=\"     10.000,00 ?\"/><concept id=\"ZFMIN\" value=\"000000000\"/><concept id=\"CAPFRQ\" value=\"     0 %\"/></concept><concept id=\"27\"><concept id=\"CODRIS\" value=\"224\"/><concept id=\"DESRIS\" value=\"RCH-DUPLICA??O DOCUMENTOS\"/><concept id=\"VALFRQ\" value=\"           0 ?\"/><concept id=\"INDFRQ\" value=\"     0 %\"/><concept id=\"DIAFRQ\" value=\"000\"/><concept id=\"CAPTAL\" value=\"      1.250,00 ?\"/><concept id=\"ZFMIN\" value=\"000000000\"/><concept id=\"CAPFRQ\" value=\"     0 %\"/></concept><concept id=\"28\"><concept id=\"CODRIS\" value=\"226\"/><concept id=\"DESRIS\" value=\"RCH-RESPONSABILIDADE CIVIL FAMILIAR\"/><concept id=\"VALFRQ\" value=\"           0 ?\"/><concept id=\"INDFRQ\" value=\"     0 %\"/><concept id=\"DIAFRQ\" value=\"000\"/><concept id=\"CAPTAL\" value=\"    100.000,00 ?\"/><concept id=\"ZFMIN\" value=\"000000000\"/><concept id=\"CAPFRQ\" value=\"     0 %\"/></concept><concept id=\"29\"><concept id=\"CODRIS\" value=\"328\"/><concept id=\"DESRIS\" value=\"PROTEC??O JURIDICA\"/><concept id=\"VALFRQ\" value=\"           0 ?\"/><concept id=\"INDFRQ\" value=\"     0 %\"/><concept id=\"DIAFRQ\" value=\"000\"/><concept id=\"CAPTAL\" value=\"             0 ?\"/><concept id=\"ZFMIN\" value=\"000000000\"/><concept id=\"CAPFRQ\" value=\"     0 %\"/></concept><concept id=\"30\"><concept id=\"CODRIS\" value=\"329\"/><concept id=\"DESRIS\" value=\"BRICOLAGEM\"/><concept id=\"VALFRQ\" value=\"           0 ?\"/><concept id=\"INDFRQ\" value=\"     0 %\"/><concept id=\"DIAFRQ\" value=\"000\"/><concept id=\"CAPTAL\" value=\"             0 ?\"/><concept id=\"ZFMIN\" value=\"000000000\"/><concept id=\"CAPFRQ\" value=\"     0 %\"/></concept><concept id=\"31\"><concept id=\"CODRIS\" value=\"330\"/><concept id=\"DESRIS\" value=\"PACK MASS MARKET\"/><concept id=\"VALFRQ\" value=\"           0 ?\"/><concept id=\"INDFRQ\" value=\"     0 %\"/><concept id=\"DIAFRQ\" value=\"000\"/><concept id=\"CAPTAL\" value=\"             0 ?\"/><concept id=\"ZFMIN\" value=\"000000000\"/><concept id=\"CAPFRQ\" value=\"     0 %\"/></concept></concept><concept id=\"PARCEL\"><concept id=\"1\"><concept id=\"TIPOPA\" value=\"Z\"/><concept id=\"VALOPA\" value=\"0000000033696\"/><concept id=\"NPARC\" value=\"08\"/></concept></concept><concept id=\"INF8\"><concept id=\"1\"><concept id=\"DESC8\" value=\"Bem seguro\"/><concept id=\"VAL8\" value=\"Edf/Rch s/ ve?c gar\"/><concept id=\"_INF8\" value=\"02\"/><concept id=\"VALOR8\" value=\"ER\"/></concept></concept></concepts>","username":"I2SABC"}